{"avarage_precision_score": 0.5540069331513465, "roc_score": 0.9570731962509773}