{"avarage_precision_score": 0.5432384580135521, "roc_score": 0.9534405855015597}